Gender,Married,Dependents,Education,Self_Employed,ApplicantIncome,CoapplicantIncome,LoanAmount,Loan_Amount_Term,Credit_History,Property_Area,Loan_Status
1,1,2,0,0,0.16387686780436025,0.0,0.26627218934911245,360.0,1.0,1,1
0,1,0,1,1,0.23385318853596798,0.275062656641604,0.39497041420118345,360.0,1.0,1,1
1,1,0,1,0,0.04207833210854359,0.0,0.14497041420118342,360.0,1.0,2,0
1,1,0,1,0,0.14381753354563023,0.0,0.22633136094674555,360.0,1.0,0,1
1,1,0,1,0,0.12435698538417572,0.0,0.22485207100591717,360.0,0.0,0,0
1,1,2,1,0,0.2626221387550693,0.0,0.3609467455621302,360.0,1.0,0,1
1,1,1,1,0,0.34737758906943195,0.5398913951545531,0.4985207100591716,360.0,1.0,2,1
0,1,0,1,0,0.0015241827930649683,0.0,0.07396449704142012,360.0,1.0,0,1
1,1,0,1,0,0.16444843635175962,0.6969507101086049,0.3062130177514793,360.0,1.0,1,1
1,0,0,1,0,0.007539261315696361,0.6873433583959899,0.14497041420118342,360.0,1.0,1,1
1,1,0,1,0,0.11670885386897471,0.26378446115288223,0.19822485207100593,360.0,1.0,1,1
0,0,0,1,0,0.04956315832448763,0.0,0.10650887573964497,360.0,1.0,0,1
0,1,0,1,0,0.05356413815628317,0.0,0.09911242603550297,360.0,1.0,1,1
1,1,2,1,1,0.06368906671021475,0.46637426900584794,0.21597633136094674,360.0,0.0,1,1
1,0,1,1,0,0.14242943850194606,0.0,0.20118343195266272,360.0,1.0,1,1
1,0,0,0,0,0.05947034647940992,0.0,0.15236686390532544,360.0,1.0,1,1
1,1,0,1,0,0.1936256498190033,0.2556390977443609,0.28402366863905326,360.0,0.0,2,0
1,1,1,1,1,0.07590974660461065,0.5217209690893901,0.21745562130177515,360.0,1.0,0,1
1,0,1,1,1,0.010124928553931574,0.5616123642439432,0.1346153846153846,360.0,1.0,1,0
1,0,0,1,0,0.22478974442720667,0.0,0.2692307692307692,360.0,0.0,1,0
1,1,3,1,0,0.04918211262622139,0.28905597326649957,0.1760355029585799,360.0,1.0,2,1
1,1,0,1,1,0.08304074467216462,0.0,0.19674556213017752,360.0,1.0,1,0
1,1,0,1,0,0.16970142347785852,0.0,0.23816568047337278,360.0,1.0,2,1
1,1,3,1,0,0.05911651833101984,0.5866750208855472,0.20118343195266272,360.0,1.0,2,1
1,1,0,1,0,0.008274135162352685,0.0,0.06656804733727811,360.0,1.0,1,0
0,1,1,1,0,0.06853379058817126,0.0,0.15976331360946747,360.0,1.0,1,1
1,1,0,1,1,0.424539342968346,0.0,0.5059171597633136,360.0,1.0,1,1
1,0,0,0,0,0.15056748591491795,0.5513784461152882,0.23224852071005916,360.0,1.0,2,1
1,1,0,0,0,0.16333251680683705,0.5150375939849624,0.21597633136094674,360.0,1.0,1,1
1,1,0,1,0,0.1467570289322555,0.27422723475355054,0.257396449704142,360.0,1.0,2,1
1,0,2,0,0,0.032334449252878254,0.5641186299081036,0.14644970414201183,360.0,1.0,0,1
1,0,0,1,0,0.07936637543888299,0.0,0.13313609467455623,300.0,1.0,1,1
1,1,0,1,0,0.20402275387169647,0.295530492898914,0.3136094674556213,360.0,1.0,1,1
0,1,0,1,0,0.015432350779782803,0.0,0.10650887573964497,360.0,0.0,2,0
0,1,1,0,0,0.04754905963365178,0.0,0.13313609467455623,360.0,1.0,2,1
0,1,0,1,0,0.04724966658501402,0.2901002506265664,0.15976331360946747,360.0,0.0,0,0
1,1,2,1,0,0.08285022182303149,0.6873433583959899,0.20118343195266272,360.0,0.0,2,0
1,1,0,1,0,0.5774203206227375,0.0,0.7440828402366864,360.0,1.0,1,1
1,1,3,0,0,0.009988840804550774,0.0,0.05917159763313609,360.0,0.0,1,0
1,1,0,1,0,0.10718271141231867,0.0,0.21301775147928995,360.0,1.0,2,1
1,1,2,1,0,0.028768950219101277,0.0,0.14792899408284024,360.0,1.0,0,1
1,1,2,1,0,0.5184398900410985,0.8005430242272348,0.7174556213017751,480.0,1.0,1,1
1,1,2,1,0,0.017392014370866335,0.34523809523809523,0.11982248520710059,360.0,1.0,2,1
0,1,2,1,0,0.07566478865572521,0.30743525480367584,0.17011834319526628,360.0,1.0,2,1
1,1,2,0,0,0.19651071010587626,0.5037593984962406,0.3624260355029586,360.0,1.0,2,1
1,0,1,1,0,0.1789281728858768,0.0,0.23520710059171598,360.0,1.0,0,1
1,1,0,1,0,0.08045507743392939,0.2819548872180451,0.16124260355029585,360.0,1.0,1,1
1,0,0,1,0,0.06224653656677826,0.0,0.13757396449704143,360.0,1.0,2,1
1,0,3,0,1,0.07422225851228872,0.3237259816207185,0.22189349112426035,360.0,1.0,2,1
1,1,1,1,0,0.044827304646035765,0.9920634920634921,0.21301775147928995,360.0,1.0,1,1
0,1,2,1,0,0.03350480389755314,0.49644945697577275,0.1257396449704142,180.0,1.0,1,1
1,1,0,0,0,0.09667673716012085,0.0,0.17899408284023668,360.0,1.0,1,1
0,1,0,0,0,0.04567104869219673,0.48851294903926484,0.21597633136094674,360.0,1.0,1,1
0,0,0,0,0,0.04953594077461147,0.0,0.11538461538461539,480.0,1.0,2,1
1,1,1,0,0,0.1568819574861871,0.0,0.28254437869822485,360.0,1.0,1,1
0,1,0,1,0,0.5080972210881577,0.0,0.5946745562130178,360.0,1.0,0,1
1,1,0,1,0,0.13573392123241065,0.0,0.2781065088757396,360.0,1.0,2,1
1,1,0,1,0,0.011485806047739583,0.3072263993316625,0.14053254437869822,360.0,1.0,1,1
1,0,0,0,0,0.011268065648730301,0.29490392648287383,0.14792899408284024,360.0,1.0,1,0
1,1,1,1,0,0.44424484907868594,0.8022138680033417,0.6079881656804734,360.0,1.0,1,1
1,1,0,1,0,0.05157725701532348,0.2650375939849624,0.15236686390532544,360.0,1.0,2,1
1,0,2,1,0,0.013908167986717835,0.3611111111111111,0.08136094674556213,360.0,1.0,0,1
0,1,0,1,0,0.13404643314008874,0.0,0.21301775147928995,360.0,1.0,1,1
1,1,0,1,0,0.1433548351977355,0.0,0.2529585798816568,360.0,1.0,1,1
1,1,0,0,0,0.1533981111020386,0.33312447786132,0.3106508875739645,360.0,1.0,2,1
1,1,0,0,0,0.045453308293187444,0.0,0.09911242603550297,360.0,1.0,2,1
1,1,0,1,0,0.0019596635910835306,0.5530492898913951,0.11242603550295859,360.0,0.0,2,0
0,1,0,1,1,0.4925015650091179,0.0,0.613905325443787,360.0,1.0,0,1
1,1,1,1,0,0.04215998475817207,0.0,0.08727810650887574,360.0,1.0,2,1
1,1,0,1,0,0.16537383304754905,0.0,0.27958579881656803,360.0,1.0,1,1
1,1,1,0,0,0.1799624397811709,0.0,0.2559171597633136,360.0,1.0,1,1
1,0,2,1,0,0.13810184807163658,0.0,0.22633136094674555,360.0,1.0,1,1
1,1,2,1,0,0.05487058055033886,0.4492481203007519,0.15976331360946747,360.0,1.0,1,1
0,1,0,0,0,0.04618818213984377,0.0,0.10946745562130178,360.0,0.0,1,0
1,1,0,1,0,0.13352929969244168,0.3260233918128655,0.25,360.0,1.0,2,1
1,0,0,1,0,0.2952287635067091,0.0,0.39644970414201186,360.0,1.0,2,1
1,1,0,1,0,0.43071772679023435,0.0,0.5399408284023669,360.0,1.0,1,1
1,1,0,1,0,0.016167224626439127,0.0,0.07840236686390532,360.0,1.0,1,1
1,0,0,1,1,0.024441359788791812,0.4440267335004177,0.14940828402366865,360.0,1.0,2,1
1,0,0,1,0,0.4253014343648785,0.0,0.5931952662721893,180.0,1.0,1,1
0,0,1,1,0,0.1957486187093438,0.4515455304928989,0.33136094674556216,360.0,1.0,2,1
1,1,1,0,0,0.31504313981655374,0.0,0.4541420118343195,360.0,0.0,2,1
1,1,0,1,0,0.0329876704499061,0.46115288220551376,0.10946745562130178,360.0,0.0,2,0
1,0,0,1,0,0.12988214800903622,0.0,0.22781065088757396,360.0,1.0,0,1
1,0,0,1,0,0.1772406847935549,0.3197577276524645,0.26479289940828404,360.0,1.0,2,1
1,1,0,1,0,0.16722462643912794,0.325187969924812,0.2440828402366864,360.0,1.0,2,1
1,1,0,1,0,0.07680792575052393,0.9596908939014203,0.21597633136094674,180.0,1.0,2,1
1,1,0,1,0,0.0019868811409596908,0.0,0.11982248520710059,180.0,1.0,2,0
0,0,0,1,0,0.1282490950164666,0.0,0.25,180.0,0.0,1,0
1,1,0,0,0,0.042595465556190634,0.0,0.13609467455621302,360.0,1.0,2,1
1,1,0,1,0,0.08764051060123568,0.5304928989139516,0.17011834319526628,360.0,1.0,2,1
1,1,0,1,0,0.4641680955880352,0.26044277360066836,0.599112426035503,360.0,1.0,1,1
1,1,0,0,0,0.07454886911080265,0.5357142857142857,0.21005917159763313,360.0,0.0,1,0
1,1,1,1,0,0.2688821752265861,0.0,0.3801775147928994,360.0,1.0,1,1
1,1,2,1,0,0.030429220761547044,0.0,0.21597633136094674,360.0,1.0,1,1
1,1,0,1,0,0.1637679976048556,0.0,0.23372781065088757,360.0,1.0,2,1
1,1,0,1,0,0.5541765330284968,0.7161654135338346,0.7337278106508875,360.0,1.0,1,1
1,1,0,1,0,0.015514003429411284,0.2694235588972431,0.1346153846153846,360.0,1.0,2,1
1,1,1,1,0,0.0009526142456656052,0.8128654970760234,0.07544378698224852,360.0,1.0,1,1
1,1,1,0,0,0.0832584850711739,0.0,0.16863905325443787,360.0,1.0,1,1
1,1,0,1,0,0.013989820636346316,0.2606516290726817,0.11982248520710059,360.0,0.0,2,0
1,1,3,1,0,0.20252578862850767,0.3682121971595656,0.35355029585798814,360.0,1.0,1,1
1,1,0,1,0,0.3612313219563975,0.0,0.49556213017751477,360.0,1.0,0,1
1,1,0,1,0,0.08336735527067854,0.5401002506265664,0.22781065088757396,360.0,1.0,0,1
0,1,1,1,0,0.0437113851011132,0.9450710108604845,0.17307692307692307,360.0,1.0,1,1
1,0,2,1,1,0.08347622547018317,0.4344193817878028,0.14792899408284024,360.0,1.0,1,1
1,1,1,0,0,0.18861762064178983,0.5171261487050961,0.3121301775147929,360.0,0.0,2,0
1,0,2,1,0,0.0010614844451702458,0.0,0.11390532544378698,360.0,1.0,2,1
1,1,0,1,0,0.13056258675594024,0.0,0.26627218934911245,360.0,1.0,1,1
1,0,2,1,0,0.13935385536593997,0.9300334168755221,0.3210059171597633,180.0,0.0,1,0
1,0,0,1,1,0.14893443292234834,0.0,0.257396449704142,360.0,1.0,0,0
1,1,2,0,0,0.04044527911597398,0.6140350877192983,0.1804733727810651,300.0,1.0,1,1
0,1,0,0,0,0.183718461664081,0.44360902255639095,0.2973372781065089,360.0,1.0,1,0
0,1,2,1,0,0.013799297787213194,0.36027568922305764,0.11834319526627218,360.0,1.0,1,1
1,1,0,1,0,0.03238888435263058,0.9926900584795322,0.23668639053254437,360.0,1.0,0,1
0,0,1,1,0,0.30826596989738986,0.0,0.3890532544378698,360.0,1.0,1,1
0,0,0,0,1,0.19697340845377098,0.0,0.34467455621301774,360.0,1.0,1,1
1,0,1,1,0,0.0017419231920742496,0.0,0.07544378698224852,360.0,1.0,1,1
0,1,0,1,0,0.041670068860401185,0.0,0.16715976331360946,360.0,1.0,0,1
1,0,0,1,0,0.03519229198987507,0.0,0.07840236686390532,180.0,1.0,2,1
0,0,0,1,0,0.046133747040091454,0.0,0.14940828402366865,360.0,1.0,0,1
0,1,0,1,0,0.04150676356114422,0.6129908103592314,0.14940828402366865,360.0,1.0,1,1
1,1,2,1,0,0.00919953185814213,0.8928571428571429,0.11390532544378698,360.0,0.0,1,0
1,0,0,1,0,0.08998121989058545,0.0,0.21597633136094674,360.0,1.0,1,1
1,1,3,0,0,0.19365286736887946,0.0,0.3224852071005917,360.0,1.0,1,1
1,0,0,1,0,0.1368770583272094,0.985797827903091,0.27662721893491127,360.0,1.0,2,1
0,1,0,1,0,0.16393130290411256,0.0,0.21597633136094674,360.0,1.0,0,1
0,0,2,1,0,0.012166244794643587,0.0,0.09319526627218935,360.0,1.0,1,1
1,1,1,1,1,0.44446258947769524,0.0,0.5636094674556213,360.0,1.0,1,1
1,1,0,1,0,0.26768460303203506,0.35254803675856305,0.41420118343195267,360.0,1.0,2,1
1,1,0,1,0,0.2400587899077325,0.0,0.371301775147929,360.0,1.0,1,1
1,0,1,1,0,0.2542119158433358,0.7124060150375939,0.4068047337278107,360.0,1.0,1,1
1,0,0,1,0,0.39636917884652023,0.0,0.5680473372781065,360.0,1.0,1,1
1,1,0,1,1,0.11521188862578591,0.3312447786131997,0.23816568047337278,360.0,1.0,1,1
0,1,3,1,0,0.03255218965188754,0.0,0.10798816568047337,180.0,1.0,1,0
1,0,1,0,0,0.1406875153098718,0.2573099415204678,0.20562130177514792,360.0,1.0,0,1
1,1,0,1,0,0.1993413352929969,0.3256056808688388,0.3150887573964497,300.0,1.0,1,1
1,0,1,0,0,0.19653792765575243,0.6060985797827904,0.32840236686390534,360.0,1.0,0,0
1,1,0,1,0,0.10802645545847962,0.497702589807853,0.26331360946745563,360.0,1.0,2,1
0,1,0,1,0,0.010124928553931574,0.2775689223057644,0.12721893491124261,360.0,0.0,1,0
0,1,0,1,0,0.06788056939114341,0.8162071846282373,0.17899408284023668,480.0,1.0,1,1
1,1,0,1,0,0.37233608230587084,0.4277360066833751,0.522189349112426,360.0,1.0,1,0
1,0,2,0,0,0.12879344601398982,0.5889724310776943,0.28402366863905326,180.0,1.0,0,1
1,1,1,1,0,0.1133066601344547,0.0,0.2514792899408284,180.0,0.0,2,0
1,1,2,0,1,0.045725483791949045,0.0,0.15828402366863906,360.0,0.0,2,1
1,0,0,1,0,0.06725456574399173,0.0,0.17751479289940827,360.0,1.0,0,1
1,1,0,1,1,0.3314553223918783,0.3506683375104428,0.46893491124260356,360.0,1.0,2,1
1,1,0,1,0,0.1611006777169919,0.0,0.2692307692307692,360.0,1.0,1,1
1,0,0,1,0,0.22726654146593725,0.0,0.3668639053254438,360.0,1.0,1,1
1,1,0,1,1,0.08875643014615825,0.5494987468671679,0.17899408284023668,360.0,1.0,0,0
0,1,2,1,0,0.1459405024359707,0.581453634085213,0.27218934911242604,360.0,1.0,2,1
1,0,1,1,1,0.041670068860401185,0.8682121971595655,0.16568047337278108,360.0,1.0,2,1
1,1,0,1,0,0.17936365368389537,0.0,0.28846153846153844,360.0,1.0,1,1
1,1,1,1,0,0.08170708472823277,0.3705096073517126,0.23372781065088757,360.0,1.0,0,1
1,1,0,0,1,0.08559919436052367,0.0,0.15828402366863906,360.0,1.0,1,1
1,0,2,0,0,0.1537247217005525,0.0,0.17899408284023668,360.0,0.0,2,0
1,1,3,1,0,0.4043711385101113,0.0,0.5103550295857988,360.0,0.0,1,0
1,1,0,1,0,0.009444489807027572,0.0,0.11982248520710059,360.0,1.0,0,1
1,0,0,1,1,0.25568166353664845,0.0,0.3757396449704142,360.0,1.0,0,1
1,0,1,0,0,0.05054299012002939,0.45614035087719296,0.1819526627218935,360.0,1.0,0,1
1,1,3,1,0,0.08595302250891375,0.0,0.16715976331360946,360.0,1.0,2,0
1,1,0,1,0,0.002966712936501456,0.543859649122807,0.08579881656804733,360.0,1.0,2,1
1,1,1,0,1,0.05236656596173213,0.3462823725981621,0.17899408284023668,360.0,1.0,1,1
1,0,1,1,1,0.10236520508423831,0.0,0.16863905325443787,480.0,1.0,0,1
1,1,1,1,0,0.008219700062600364,0.27903091060985796,0.1760355029585799,360.0,1.0,2,1
0,1,0,1,0,0.09899022889959445,0.0,0.20710059171597633,360.0,0.0,2,1
1,0,1,1,0,0.384611197300019,0.2606516290726817,0.5014792899408284,360.0,1.0,0,1
1,0,3,1,0,0.016085571976810646,0.0,0.08136094674556213,360.0,1.0,2,1
1,1,0,1,0,0.21221523638442066,0.0,0.3106508875739645,360.0,1.0,1,1
1,0,0,1,0,0.07718897144879018,0.0,0.15976331360946747,360.0,1.0,1,1
1,1,3,1,0,0.1562015187392831,0.2758980785296575,0.3047337278106509,360.0,1.0,1,1
1,0,0,0,0,0.04401077814975096,0.7974101921470342,0.19230769230769232,360.0,1.0,0,1
1,1,2,1,0,0.02525788628507662,0.0,0.08875739644970414,360.0,1.0,1,1
1,1,0,1,0,0.025421191584333577,0.5006265664160401,0.20118343195266272,360.0,1.0,1,1
1,0,0,1,0,0.010451539152445496,0.3147451963241437,0.11686390532544379,480.0,1.0,1,1
1,1,2,0,0,0.029884869764023842,0.8297827903091061,0.19674556213017752,360.0,1.0,1,0
1,1,0,1,0,0.16012084592145015,0.4974937343358396,0.27366863905325445,360.0,1.0,1,1
1,0,0,1,0,0.31343730437386025,0.3556808688387636,0.45857988165680474,360.0,1.0,2,1
0,0,0,0,0,0.2470264826760295,0.26879699248120303,0.378698224852071,360.0,1.0,2,1
1,0,1,0,0,0.16956533572847773,0.5231829573934837,0.2485207100591716,360.0,1.0,2,1
1,0,0,1,1,0.016902098473095453,0.0,0.15976331360946747,360.0,1.0,2,0
1,1,0,0,0,0.04988976892300155,0.0,0.17455621301775148,360.0,1.0,1,1
0,1,3,1,0,0.05421735935331101,0.0,0.1301775147928994,360.0,1.0,0,1
0,1,0,1,0,0.04199667945891511,0.5359231411862991,0.13313609467455623,360.0,1.0,1,1
1,1,1,1,0,0.10606679186739609,0.6010860484544696,0.25,360.0,1.0,0,1
1,0,0,1,0,0.11243569853841757,0.0,0.20710059171597633,360.0,1.0,1,0
0,1,2,1,1,0.06458724585612803,0.370718462823726,0.21597633136094674,360.0,1.0,1,1
1,1,0,1,0,0.06387958955934787,0.25668337510442774,0.1760355029585799,360.0,1.0,1,1
1,1,3,1,0,0.2588933344220353,0.0,0.378698224852071,360.0,0.0,2,1
1,0,0,1,0,0.22860020140986909,0.6829573934837093,0.42159763313609466,360.0,0.0,2,0
1,1,0,1,0,0.05378187855529245,0.0,0.15828402366863906,360.0,1.0,1,1
0,1,0,1,0,0.359952097112218,0.0,0.4423076923076923,360.0,1.0,0,1
0,1,0,1,0,0.44851800440924305,0.33145363408521306,0.6331360946745562,360.0,1.0,2,0
1,1,0,1,0,0.05786451103671648,0.427109440267335,0.22337278106508876,360.0,1.0,2,1
1,1,0,1,0,0.06404289485860483,0.0,0.2455621301775148,360.0,1.0,0,1
1,0,2,1,0,0.1032633842301516,0.3560985797827903,0.1863905325443787,360.0,1.0,2,0
1,0,0,0,0,0.4159930323072317,0.287593984962406,0.5621301775147929,360.0,0.0,0,0
0,1,0,1,0,0.3069050924035818,0.0,0.35502958579881655,360.0,1.0,1,1
0,0,1,1,0,0.015622873628915925,0.0,0.11538461538461539,360.0,1.0,0,1
1,0,1,1,0,0.07302468631773767,0.26649958228905596,0.16420118343195267,360.0,1.0,1,1
1,0,0,1,0,0.11817860156228736,0.0,0.2677514792899408,360.0,1.0,1,1
1,1,0,1,1,0.10250129283361911,0.8414786967418546,0.23076923076923078,360.0,1.0,1,0
1,1,0,0,0,0.03138183500721265,0.46888053467000834,0.09911242603550297,180.0,0.0,1,0
0,1,1,1,0,0.28744454424212734,0.7880116959064327,0.4363905325443787,300.0,1.0,1,1
1,1,1,1,1,0.16578209629569146,0.0,0.20414201183431951,360.0,1.0,2,1
1,0,0,1,0,0.26714025203451186,0.8968253968253969,0.45857988165680474,360.0,1.0,1,1
1,0,2,1,1,0.287390109142375,0.0,0.3343195266272189,480.0,1.0,1,1
1,0,2,1,0,0.2024985710786315,0.0,0.3032544378698225,360.0,1.0,0,1
1,1,1,1,0,0.08472823276448654,0.0,0.11242603550295859,360.0,1.0,0,0
1,1,2,1,1,0.13831958847064588,0.0,0.22337278106508876,360.0,1.0,1,1
1,0,0,1,0,0.02539397403445742,0.260233918128655,0.17751479289940827,360.0,1.0,2,1
1,0,0,1,1,0.16428513105250264,0.25104427736006685,0.28994082840236685,360.0,1.0,0,1
1,1,0,0,0,0.028741732669225115,0.0,0.08875739644970414,360.0,1.0,1,1
1,0,0,1,0,0.17372962085953023,0.3310359231411863,0.2943786982248521,360.0,1.0,0,1
1,0,0,1,0,0.03805013472687189,0.0,0.1242603550295858,360.0,0.0,0,1
1,1,3,1,1,0.0180996706676465,0.31182121971595655,0.13757396449704143,360.0,1.0,2,1
1,1,0,1,0,0.02626493563049454,0.0,0.07100591715976332,360.0,1.0,0,1
1,1,0,0,0,0.0,0.4227234753550543,0.1301775147928994,360.0,1.0,2,1
1,1,0,1,0,0.18614082360305925,0.4876775271512114,0.23964497041420119,360.0,1.0,1,1
0,1,3,1,0,0.19346234451974634,0.272765246449457,0.29289940828402367,360.0,1.0,1,1
1,0,0,0,0,0.10603957431751994,0.0,0.1834319526627219,480.0,1.0,2,1
1,1,0,1,0,0.02558449688359054,0.0,0.128698224852071,180.0,1.0,0,1
1,1,0,0,0,0.012547290492909828,0.5428153717627402,0.21597633136094674,360.0,1.0,2,1
1,1,0,1,0,0.0025584496883590538,0.0,0.042899408284023666,360.0,1.0,2,1
1,1,0,1,0,0.026346588280123023,0.0,0.08136094674556213,360.0,1.0,1,1
1,0,3,1,0,0.3252769385699899,0.0,0.4423076923076923,360.0,0.0,0,0
0,1,0,1,1,0.04033640891646934,0.2802840434419382,0.14349112426035504,300.0,1.0,0,1
1,1,3,0,0,0.0639884597588525,0.2627401837928154,0.15384615384615385,180.0,1.0,1,1
0,0,1,1,0,0.016085571976810646,0.45509607351712617,0.11834319526627218,360.0,1.0,1,1
1,1,2,1,0,0.03668925723306388,0.0,0.14349112426035504,360.0,1.0,1,1
0,1,0,1,0,0.10734601671157562,0.0,0.1834319526627219,360.0,1.0,2,1
1,1,0,1,0,0.1372581040254756,0.5317460317460317,0.26627218934911245,360.0,0.0,2,0
1,1,0,1,1,0.04109850031300182,0.5169172932330827,0.21597633136094674,360.0,0.0,1,0
1,1,1,0,0,0.008464658011485805,0.0,0.04881656804733728,360.0,1.0,1,1
1,1,0,1,0,0.07261642306959527,0.2596073517126149,0.1242603550295858,360.0,1.0,1,1
1,1,0,1,0,0.038921096322909014,0.0,0.14792899408284024,360.0,1.0,0,0
1,0,0,1,0,0.036144906235540675,0.7850877192982456,0.15680473372781065,360.0,1.0,1,1
1,1,1,1,0,0.47230614300100704,0.0,0.5857988165680473,360.0,1.0,2,1
1,1,0,1,0,0.14049699246073868,1.0,0.28254437869822485,360.0,1.0,2,1
1,1,1,1,0,0.11934895620696225,0.2807017543859649,0.22485207100591717,360.0,1.0,0,1
0,1,3,0,0,0.07871315424185515,0.36006683375104426,0.2411242603550296,360.0,1.0,0,1
0,0,0,1,1,0.08206091287662284,0.0,0.1952662721893491,360.0,1.0,0,1
0,1,1,1,0,0.1141231866307395,0.27861319966583126,0.2514792899408284,360.0,1.0,2,1
1,0,0,1,0,0.17492719305408128,0.0,0.23076923076923078,360.0,1.0,0,1
1,1,2,0,1,0.17773060069132576,0.0,0.2411242603550296,360.0,1.0,2,1
0,1,0,1,0,0.02740807272529327,0.373015873015873,0.05473372781065089,360.0,0.0,2,0
1,1,1,1,0,0.10163033123758199,0.7286967418546366,0.22041420118343194,360.0,1.0,0,1
0,1,2,1,0,0.07776053999618954,0.3506683375104428,0.22041420118343194,180.0,1.0,2,1
0,1,3,1,0,0.3001823575841703,0.487468671679198,0.45857988165680474,360.0,1.0,1,1
0,1,1,1,0,0.14640320078386543,0.0,0.23520710059171598,180.0,1.0,2,1
1,1,0,1,0,0.1114558667428758,0.0,0.20266272189349113,360.0,0.0,1,0
1,0,1,1,0,0.017745842519256417,0.0,0.08136094674556213,180.0,1.0,0,1
0,1,2,1,0,0.13646879507906698,0.35484544695071013,0.2618343195266272,360.0,1.0,2,1
1,0,1,0,1,0.01804523556789418,0.9369256474519633,0.1908284023668639,180.0,1.0,1,1
1,1,0,0,0,0.060150785226313924,0.35902255639097747,0.1257396449704142,360.0,1.0,2,1
1,1,3,1,0,0.02237282599820364,0.0,0.11538461538461539,360.0,1.0,1,1
0,1,1,1,0,0.17283144171361695,0.0,0.2973372781065089,360.0,1.0,1,1
1,1,1,1,0,0.033668109196810105,0.26796157059314957,0.1257396449704142,480.0,1.0,2,1
1,1,0,1,0,0.0728069459187284,0.0,0.1819526627218935,360.0,1.0,2,1
1,1,1,1,0,0.331918020739773,0.5321637426900585,0.5636094674556213,360.0,0.0,2,0
1,0,0,1,0,0.03331428104842002,0.5016708437761069,0.15088757396449703,180.0,1.0,0,1
1,1,1,1,0,0.10388938787730329,0.3155806182121972,0.22928994082840237,360.0,1.0,1,1
1,1,0,0,0,0.07958411583789227,0.0,0.14644970414201183,360.0,1.0,2,1
1,1,1,1,0,0.002395144389102093,0.0,0.09023668639053255,360.0,0.0,1,0
0,1,0,1,0,0.23102256334884733,0.0,0.34763313609467456,360.0,1.0,2,1
1,1,0,0,0,0.010233798753436215,0.0,0.09911242603550297,180.0,1.0,0,1
1,1,3,1,0,0.09419994012139027,0.0,0.15532544378698224,360.0,1.0,0,1
1,1,0,1,0,0.12060096350126562,0.27046783625730997,0.23816568047337278,360.0,1.0,1,1
1,0,2,1,0,0.14523284613919055,0.3694653299916458,0.3091715976331361,360.0,1.0,0,1
1,0,2,1,0,0.17119838872104734,0.0,0.28106508875739644,360.0,0.0,1,1
0,1,0,1,0,0.04264990065594295,0.0,0.15680473372781065,360.0,1.0,2,1
0,1,1,1,0,0.0011975721945510465,0.0,0.07692307692307693,360.0,1.0,1,0
0,0,2,1,0,0.18861762064178983,0.0,0.3091715976331361,360.0,1.0,1,1
0,1,0,0,0,0.11246291608829373,0.4918546365914787,0.2470414201183432,360.0,1.0,1,1
1,1,0,0,0,0.2655344165918184,0.0,0.3431952662721893,480.0,1.0,0,1
1,1,1,0,0,0.25287825589940394,0.0,0.3668639053254438,360.0,1.0,1,1
0,0,2,1,0,0.2721482812117253,0.0,0.34911242603550297,360.0,1.0,0,1
1,0,2,1,1,0.09727552325739637,0.4922723475355054,0.20414201183431951,360.0,1.0,0,1
1,1,2,0,1,0.05936147627990528,0.32497911445279865,0.1760355029585799,360.0,1.0,1,1
0,1,0,1,0,0.23017881930268638,0.0,0.34171597633136097,480.0,1.0,1,1
0,1,2,1,0,0.08793990364987343,0.2706766917293233,0.16124260355029585,180.0,1.0,2,1
1,0,0,1,0,0.029503824065757602,0.5160818713450293,0.1819526627218935,360.0,1.0,0,1
1,1,0,1,1,0.2834979995100841,0.8531746031746031,0.46745562130177515,360.0,1.0,1,1
1,1,0,0,0,0.3144987888190305,0.0,0.40384615384615385,360.0,0.0,2,0
1,0,0,1,0,0.0919953185814213,0.4615705931495405,0.17011834319526628,360.0,1.0,2,1
1,1,0,1,1,0.01129528319860646,0.91624895572264,0.15532544378698224,360.0,1.0,1,1
1,0,0,1,1,0.07182711412318663,0.6766917293233082,0.1952662721893491,360.0,1.0,2,1
1,1,1,1,0,0.2388884352630576,0.29490392648287383,0.3668639053254438,360.0,1.0,2,1
1,1,0,0,0,0.3407637244495251,0.3483709273182957,0.46745562130177515,360.0,1.0,1,1
1,1,0,1,0,0.03315097574916306,0.0,0.05917159763313609,360.0,1.0,1,1
1,0,0,1,0,0.009907188154922295,0.4722222222222222,0.11538461538461539,360.0,1.0,1,1
1,0,0,0,0,0.308129882148009,0.33751044277360065,0.21597633136094674,360.0,1.0,2,1
0,0,0,1,1,0.07220815982145287,0.3216374269005848,0.20266272189349113,360.0,1.0,2,1
1,1,0,1,0,0.1143953621295011,0.0,0.1863905325443787,360.0,1.0,1,1
1,0,1,1,0,0.5059198170980649,0.5712197159565581,0.7218934911242604,300.0,1.0,1,1
1,1,1,0,0,0.009825535505293814,0.5451127819548872,0.07544378698224852,360.0,1.0,2,1
1,1,1,1,0,0.15331645845241013,0.0,0.28846153846153844,360.0,1.0,2,0
1,0,0,1,0,0.01102310769984486,0.44548872180451127,0.11982248520710059,360.0,1.0,1,1
1,1,0,0,0,0.06891483628643749,0.2832080200501253,0.20266272189349113,360.0,0.0,2,0
1,1,2,1,0,0.23907895811219074,0.5052213868003341,0.3801775147928994,360.0,1.0,2,0
1,1,0,0,0,0.08323126752129774,0.0,0.20710059171597633,360.0,1.0,2,1
1,1,0,1,0,0.8627418959745243,0.0,1.0,360.0,1.0,0,1
1,1,0,1,1,0.12005661250374242,0.7646198830409356,0.23520710059171598,180.0,1.0,0,1
1,1,0,1,1,0.056639721292289266,0.0,0.1863905325443787,360.0,1.0,0,0
1,1,0,0,0,0.03625377643504532,0.5213032581453634,0.15532544378698224,360.0,0.0,0,1
0,0,0,1,0,0.06314471571269155,0.28634085213032584,0.21597633136094674,360.0,1.0,1,0
1,0,1,0,1,0.06820717998965733,0.34252297410192145,0.21597633136094674,360.0,0.0,1,0
1,1,0,0,0,0.010179363653683896,0.0,0.06360946745562131,360.0,0.0,1,0
0,1,1,1,1,0.06752674124275333,0.3237259816207185,0.19674556213017752,360.0,1.0,2,1
1,1,2,0,0,0.09142375003402194,0.0,0.16420118343195267,360.0,1.0,1,1
1,1,2,1,0,0.18826379249339975,0.0,0.21597633136094674,480.0,1.0,0,1
1,1,1,1,0,0.15685473993631094,0.0,0.25443786982248523,360.0,1.0,1,1
1,1,3,1,0,0.18102392422634114,0.0,0.23520710059171598,360.0,1.0,1,1
0,1,0,0,0,0.0009526142456656052,0.8774018379281537,0.1227810650887574,360.0,1.0,2,1
0,1,0,1,1,0.035791078087150596,0.8521303258145363,0.22189349112426035,360.0,1.0,1,1
1,1,0,1,0,0.15900492637652758,0.0,0.28106508875739644,360.0,1.0,1,1
1,1,1,1,0,0.09694891265888245,0.5265246449456976,0.22337278106508876,480.0,1.0,0,1
1,0,2,1,0,0.0004899158977708826,0.0,0.09023668639053255,360.0,1.0,1,1
1,0,0,1,0,0.23959609155983777,0.275062656641604,0.35355029585798814,360.0,1.0,0,1
1,1,3,0,1,0.2175226586102719,0.4223057644110276,0.3890532544378698,360.0,1.0,1,1
1,0,0,0,0,0.11657276611959391,0.956140350877193,0.27071005917159763,360.0,1.0,0,1
1,1,3,1,0,0.009825535505293814,0.0,0.10059171597633136,300.0,1.0,1,1
1,0,0,0,0,0.21352167877847636,0.6035923141186299,0.3905325443786982,360.0,1.0,1,1
1,0,0,1,0,0.12852127051522821,0.0,0.1997041420118343,180.0,1.0,1,1
0,1,0,0,0,0.22356495468277945,0.9390142021720969,0.4378698224852071,360.0,1.0,0,1
1,1,0,1,0,0.2044854522195912,0.0,0.2588757396449704,360.0,1.0,0,1
1,1,0,1,1,0.23848017201491523,0.34440267335004177,0.41420118343195267,360.0,1.0,2,1
1,1,0,1,0,0.10699218856318554,0.36487050960735173,0.21301775147928995,360.0,1.0,2,1
1,1,2,0,0,0.02193734520018508,0.3222639933166249,0.12130177514792899,360.0,1.0,0,1
1,1,0,1,0,0.1631692115075801,0.0,0.20414201183431951,360.0,1.0,1,0
1,1,0,1,0,0.14210282790343212,0.7581453634085213,0.27662721893491127,360.0,1.0,1,1
1,0,1,1,0,0.19898750714460683,0.0,0.2677514792899408,360.0,1.0,1,1
1,0,1,1,1,0.027081462126779348,0.28153717627401836,0.11390532544378698,360.0,1.0,2,1
1,1,0,1,0,0.03159957540622193,0.0,0.11242603550295859,360.0,1.0,0,1
1,1,0,1,0,0.3246781524727144,0.0,0.4630177514792899,480.0,1.0,0,1
1,1,0,0,0,0.2034511853242971,0.3241436925647452,0.3328402366863905,360.0,1.0,2,1
0,1,0,1,0,0.35075256525407583,0.0,0.47337278106508873,360.0,1.0,2,1
1,0,1,1,0,0.20867695490051985,0.0,0.27662721893491127,360.0,1.0,0,1
1,1,0,1,0,0.13333877684330855,0.0,0.20118343195266272,360.0,1.0,2,0
1,1,0,0,1,0.15576603794126453,0.0,0.3047337278106509,360.0,1.0,0,1
1,1,1,0,0,0.3229634468305163,0.45342522974101923,0.4437869822485207,360.0,1.0,2,1
1,1,0,1,0,0.12680656487303013,0.5258980785296575,0.3062130177514793,360.0,1.0,1,1
1,0,0,1,0,0.14678424648213168,0.0,0.23520710059171598,300.0,1.0,0,1
1,0,0,1,0,0.024713535287553413,0.0,0.10946745562130178,360.0,1.0,1,1
1,1,3,1,0,0.09411828747176179,0.0,0.21597633136094674,360.0,0.0,1,0
1,1,0,0,0,0.18491603385863203,0.0,0.3210059171597633,360.0,1.0,1,1
1,1,2,1,0,0.04616096458996761,0.252297410192147,0.14644970414201183,360.0,1.0,1,1
1,0,0,1,0,0.03293323535015378,0.33187134502923976,0.1301775147928994,360.0,0.0,2,0
1,0,0,1,0,0.055061103399471976,0.0,0.14053254437869822,360.0,1.0,0,1
1,1,1,0,0,0.04033640891646934,0.0,0.13609467455621302,360.0,1.0,0,1
1,1,3,1,0,0.03527394463950355,0.0,0.14644970414201183,360.0,1.0,1,1
0,0,1,1,0,0.0809994284314526,0.4218880534670008,0.20118343195266272,360.0,1.0,1,1
1,1,2,1,0,0.3501265616069241,0.7197159565580619,0.5325443786982249,360.0,1.0,2,1
1,0,2,0,0,0.10367164747829401,0.0,0.2440828402366864,360.0,1.0,2,1
1,1,0,1,0,0.030320350562042405,0.0,0.12721893491124261,360.0,1.0,1,1
1,1,0,1,0,0.011485806047739583,0.5355054302422724,0.14201183431952663,180.0,1.0,0,1
1,1,1,1,0,0.17479110530470046,0.8897243107769424,0.28994082840236685,180.0,0.0,1,0
1,1,0,1,0,0.07062954192863559,0.0,0.08136094674556213,360.0,1.0,0,1
0,1,2,1,0,0.2532593015976702,0.0,0.3698224852071006,360.0,1.0,2,1
1,0,3,1,1,0.158052312130862,0.0,0.2514792899408284,360.0,0.0,1,0
1,1,0,1,0,0.23352657793745407,0.3408521303258145,0.34467455621301774,360.0,1.0,2,1
1,1,0,1,1,0.04635148743910073,0.0,0.14053254437869822,360.0,1.0,1,1
1,1,2,1,0,0.17296752946299773,0.0,0.2692307692307692,360.0,1.0,2,1
1,1,0,0,0,0.04477286954628344,0.25668337510442774,0.1819526627218935,360.0,0.0,0,0
0,1,2,1,0,0.41095778558014207,0.0,0.5310650887573964,360.0,0.0,2,0
1,1,0,0,0,0.14839008192482514,0.6050543024227235,0.26479289940828404,360.0,1.0,0,1
0,0,1,1,0,0.05737459513894559,0.0,0.17455621301775148,360.0,1.0,1,0
0,1,0,1,0,0.04586157154132985,0.0,0.1257396449704142,360.0,1.0,0,1
1,1,1,1,0,0.030864701559565607,0.2677527151211362,0.15088757396449703,360.0,0.0,1,1
1,1,0,1,0,0.17405623145804414,0.0,0.257396449704142,360.0,1.0,0,1
1,0,1,1,1,0.03598160093628371,0.835421888053467,0.16124260355029585,360.0,1.0,2,1
1,0,0,1,0,0.13265833809640457,0.33500417710944025,0.2529585798816568,360.0,0.0,0,0
1,0,1,1,0,0.04488173974578808,0.0,0.13165680473372782,360.0,1.0,0,1
1,1,2,0,0,0.15911379657603222,0.5760233918128655,0.3106508875739645,360.0,1.0,2,1
1,1,0,1,0,0.24767970387305735,0.0,0.3431952662721893,360.0,1.0,2,1
1,1,0,0,0,0.2209520698946681,0.772765246449457,0.3224852071005917,360.0,1.0,1,0
0,1,0,1,1,0.20998339729457555,0.0,0.2973372781065089,360.0,1.0,0,1
1,1,1,1,0,0.030265915462290086,0.27673350041771094,0.15828402366863906,360.0,1.0,1,1
0,1,1,1,0,0.013309381889442312,0.0,0.08875739644970414,360.0,1.0,1,1
1,1,0,1,0,0.17615198279850847,0.0,0.26627218934911245,180.0,1.0,2,1
1,1,0,1,1,0.06722734819411556,0.6127819548872181,0.22781065088757396,180.0,1.0,2,1
1,0,0,1,0,0.08293187447265997,0.48099415204678364,0.1849112426035503,360.0,1.0,0,1
1,1,1,1,0,0.004354807980185624,0.0,0.04142011834319527,360.0,1.0,2,1
0,1,0,1,0,0.04387469040037016,0.0,0.1257396449704142,360.0,1.0,1,1
1,0,0,1,0,0.004735853678451866,0.5620300751879699,0.11242603550295859,360.0,0.0,0,0
0,1,0,0,0,0.310334503687978,0.9910192147034252,0.46153846153846156,180.0,1.0,2,1
1,0,1,0,0,0.04071745461473558,0.0,0.12130177514792899,360.0,1.0,1,1
1,1,0,1,0,0.11948504395634305,0.2669172932330827,0.2455621301775148,360.0,1.0,2,1
1,1,0,0,0,0.0055523801747366704,0.0,0.08875739644970414,360.0,1.0,1,0
0,0,1,1,0,0.1612639830162489,0.5699665831244779,0.3076923076923077,360.0,1.0,2,1
1,0,1,1,0,0.05704798454043167,0.0,0.21597633136094674,300.0,1.0,0,1
1,0,0,0,0,0.33510247407528376,0.0,0.4363905325443787,360.0,1.0,2,1
1,1,0,1,0,0.32162978688658445,0.5229741019214703,0.47781065088757396,360.0,1.0,1,0
1,1,0,1,0,0.057537900438202554,0.0,0.1301775147928994,360.0,1.0,1,1
1,1,1,1,0,0.339566152254974,0.30409356725146197,0.44822485207100593,360.0,1.0,2,1
0,1,1,1,0,0.8171524999319562,0.0,0.21597633136094674,360.0,1.0,0,1
0,0,0,1,1,0.25622601453417165,0.0,0.34615384615384615,360.0,1.0,2,1
1,1,0,0,0,0.27359081135516183,0.0,0.3905325443786982,360.0,1.0,1,1
1,0,0,1,0,0.041806156609781986,0.30137844611528825,0.21893491124260356,360.0,1.0,2,0
1,1,2,1,0,0.1260716910263738,0.0,0.19822485207100593,360.0,1.0,1,1
1,1,0,0,0,0.009934405704798454,0.27548036758563077,0.10059171597633136,360.0,1.0,2,0
0,1,0,1,0,0.014370866334612558,0.5812447786131997,0.13757396449704143,360.0,0.0,1,0
1,0,0,1,0,1.0,0.6075605680868839,1.0,360.0,1.0,2,1
0,0,0,1,0,0.057837293486840316,0.0,0.15236686390532544,360.0,0.0,0,0
1,0,0,1,0,0.20238970087912686,0.0,0.34023668639053256,360.0,1.0,2,1
0,0,0,0,0,0.2412291445524074,0.0,0.27218934911242604,360.0,1.0,0,1
1,0,0,1,0,0.2866280177458425,0.0,0.3239644970414201,360.0,1.0,0,1
1,0,2,0,0,0.8880542173593533,0.0,1.0,480.0,1.0,2,1
0,1,0,1,0,0.04033640891646934,0.37030075187969924,0.1849112426035503,360.0,1.0,1,1
1,1,0,0,0,0.005770120573745951,0.0,0.042899408284023666,360.0,1.0,2,1
1,1,2,1,0,0.07757001714705643,0.0,0.07840236686390532,360.0,1.0,1,1
0,0,1,0,0,0.02019542200811083,0.0,0.12130177514792899,360.0,1.0,0,1
0,0,0,1,0,0.0030483655861299366,0.31140350877192985,0.11538461538461539,360.0,1.0,1,1
1,1,0,0,0,0.06540377235241283,0.0,0.12130177514792899,360.0,1.0,1,1
1,0,0,1,0,0.2247625268773305,0.28174603174603174,0.3180473372781065,360.0,0.0,2,0
1,0,1,1,0,0.1224517568928445,0.0,0.1863905325443787,360.0,1.0,1,1
1,1,0,0,0,0.0548433630004627,0.5864661654135338,0.1863905325443787,360.0,1.0,2,1
1,1,1,1,1,0.155847690590893,0.6004594820384294,0.27514792899408286,360.0,1.0,0,1
1,0,0,0,1,0.03851283307476661,0.0,0.1390532544378698,360.0,1.0,1,1
1,1,1,1,0,0.00185079339157889,0.0,0.0,360.0,0.0,1,0
0,0,0,1,0,0.21216080128466835,0.0,0.2869822485207101,360.0,1.0,2,1
0,1,0,1,0,0.14338205274761165,0.0,0.20562130177514792,180.0,1.0,2,1
1,0,0,1,0,0.21088157644048883,0.26900584795321636,0.3224852071005917,360.0,1.0,1,1
1,0,3,1,0,0.0055523801747366704,0.5618212197159566,0.11242603550295859,360.0,1.0,2,1
1,0,0,1,0,0.2664325957377317,0.36904761904761907,0.42159763313609466,180.0,1.0,1,1
1,1,1,1,0,0.14174899975504204,0.5601503759398496,0.22041420118343194,360.0,1.0,0,1
1,0,0,1,0,0.12152636019705507,0.0,0.21597633136094674,360.0,1.0,0,1
0,0,0,1,1,0.1437086633461256,0.0,0.25443786982248523,360.0,1.0,1,1
1,1,0,1,0,0.2934051876650064,0.552422723475355,0.49556213017751477,180.0,1.0,1,1
1,0,0,1,1,0.12966440761002695,0.0,0.21597633136094674,480.0,1.0,2,1
1,1,2,1,0,0.12754143871968646,0.26545530492898917,0.25,360.0,1.0,0,1
1,1,0,1,0,0.6868893062246536,0.0,0.7751479289940828,360.0,1.0,2,1
1,1,1,0,1,0.2074793827059688,0.0,0.23668639053254437,360.0,1.0,0,1
1,1,2,0,0,0.08554475926077135,0.956140350877193,0.21597633136094674,360.0,1.0,1,1
1,1,3,1,0,0.18034348547943715,0.0,0.2781065088757396,360.0,1.0,1,0
1,0,0,1,0,0.07218094227157672,0.9864243943191312,0.26627218934911245,360.0,1.0,0,1
1,1,0,0,0,0.03791404697749109,0.7781954887218046,0.13757396449704143,360.0,1.0,2,1
0,0,0,1,1,0.13322990664380394,0.5559732664995823,0.28254437869822485,360.0,1.0,1,1
1,1,0,1,0,0.3867886012901119,0.3448203842940685,0.21597633136094674,360.0,1.0,1,1
1,1,3,1,0,0.3887754824310716,0.35233918128654973,0.5428994082840237,360.0,1.0,2,1
1,1,0,0,0,0.061212269671484174,0.6150793650793651,0.20118343195266272,360.0,1.0,1,0
1,0,2,1,0,0.109958901499687,0.0,0.20266272189349113,180.0,1.0,1,1
1,1,0,1,0,0.03467515854222803,0.358187134502924,0.09911242603550297,360.0,0.0,0,0
1,1,1,0,0,0.7982635203179009,0.2671261487050961,1.0,360.0,1.0,2,1
0,0,0,0,0,0.5831360060967312,0.0,0.6982248520710059,360.0,1.0,0,1
0,1,2,1,0,0.153806374350181,0.0,0.26479289940828404,360.0,1.0,2,1
1,1,0,1,0,0.23954165646008546,0.0,0.2958579881656805,180.0,1.0,2,1
1,1,2,0,0,0.18426281266160421,0.2821637426900585,0.2677514792899408,360.0,1.0,2,0
1,0,2,1,0,0.13189624669987207,0.6000417710944027,0.3106508875739645,360.0,1.0,2,1
1,1,1,1,0,0.007784219264581802,0.0,0.07988165680473373,360.0,1.0,2,0
1,0,0,1,0,0.08886530034566288,0.6860902255639098,0.27071005917159763,360.0,1.0,0,1
1,1,0,0,0,0.1648022645001497,0.3404344193817878,0.28402366863905326,360.0,1.0,2,1
1,0,0,1,0,0.16605427179445306,0.5169172932330827,0.2455621301775148,360.0,1.0,2,1
0,0,0,0,0,0.06834326773903814,0.35693400167084377,0.20857988165680474,360.0,1.0,2,1
1,1,0,0,1,0.41740834490079204,0.497702589807853,0.5532544378698225,360.0,1.0,0,1
1,1,3,1,0,0.026645981328760785,0.0,0.13165680473372782,360.0,1.0,0,1
1,0,0,1,0,0.10168476633733431,0.5923141186299081,0.23520710059171598,480.0,1.0,2,1
1,1,0,1,1,0.17225987316621758,0.0,0.22337278106508876,360.0,1.0,2,1
1,1,0,1,1,0.17528102120247135,0.4571846282372598,0.3106508875739645,180.0,1.0,2,1
1,1,0,1,0,0.1534525462017909,0.908939014202172,0.378698224852071,360.0,1.0,2,0
1,0,1,1,0,0.047031926186004734,0.0,0.14792899408284024,360.0,1.0,2,1
1,0,0,1,0,0.024686317737677255,0.0,0.10798816568047337,360.0,1.0,1,1
1,0,3,0,0,0.14822677662556816,0.5137844611528822,0.3121301775147929,360.0,1.0,2,1
1,1,0,1,0,0.13412808578971722,0.0,0.23372781065088757,360.0,1.0,1,1
0,1,0,1,0,0.028768950219101277,0.5908521303258145,0.16124260355029585,360.0,1.0,2,1
1,0,2,1,0,0.1792003483846384,0.0,0.2455621301775148,360.0,1.0,0,1
1,1,0,1,0,0.08897417054516753,0.0,0.1863905325443787,360.0,1.0,0,0
0,1,3,1,0,0.16167224626439128,0.9486215538847118,0.35650887573964496,360.0,0.0,1,1
1,1,0,1,0,0.266650336136741,0.33458646616541354,0.371301775147929,360.0,1.0,1,1
0,1,2,1,0,0.027054244576903187,0.5632832080200502,0.1937869822485207,360.0,1.0,1,1
1,1,0,1,0,0.0025584496883590538,0.0,0.08284023668639054,360.0,1.0,1,1
0,1,2,1,0,0.22165972619144825,0.3606934001670844,0.3224852071005917,360.0,1.0,0,1
1,1,2,1,0,0.13799297787213194,0.34147869674185466,0.28550295857988167,360.0,0.0,1,1
0,1,2,1,0,0.1764785933970224,0.2646198830409357,0.28402366863905326,360.0,1.0,0,1
1,0,2,0,0,0.2673852099833973,0.30158730158730157,0.4171597633136095,360.0,0.0,0,1
1,1,0,1,0,0.2383440842655344,0.36152882205513787,0.35798816568047337,360.0,1.0,1,0
1,1,0,1,0,0.4762254701831741,0.0,0.5976331360946746,360.0,1.0,1,1
1,0,0,1,0,0.11254456873792221,0.0,0.21893491124260356,360.0,1.0,2,1
0,1,0,1,0,0.09825535505293813,0.5595238095238095,0.23816568047337278,360.0,1.0,2,1
1,0,1,1,0,0.0752565254075828,0.0,0.10502958579881656,360.0,1.0,1,1
1,0,0,1,0,0.024250836939658692,0.2844611528822055,0.09615384615384616,360.0,1.0,2,1
1,1,3,1,0,0.12465637843281348,0.0,0.2455621301775148,360.0,1.0,0,1
1,1,1,1,0,0.04738575433439482,0.3686299081035923,0.15680473372781065,360.0,1.0,2,0
1,0,2,1,1,0.37334313165128874,0.4799498746867168,0.507396449704142,360.0,1.0,1,1
1,0,0,1,1,0.1283307476660951,0.0,0.1819526627218935,180.0,1.0,1,1
0,1,2,1,0,0.13178737650036743,0.0,0.1937869822485207,360.0,0.0,1,1
1,1,3,0,0,0.06415176505810948,0.0,0.09171597633136094,360.0,1.0,1,1
1,1,0,1,0,0.007566478865572521,0.2518796992481203,0.10502958579881656,360.0,1.0,0,1
0,1,1,1,0,0.004463678179690264,0.531328320802005,0.10650887573964497,360.0,0.0,1,0
0,1,2,1,0,0.08061838273318636,0.0,0.14201183431952663,360.0,0.0,1,0
1,0,0,1,0,0.012710595792166789,0.4947786131996658,0.128698224852071,360.0,1.0,2,1
1,0,0,1,0,0.1369314934269617,0.0,0.24260355029585798,180.0,1.0,1,1
1,1,0,1,0,0.31253912522794697,0.29365079365079366,0.5044378698224852,360.0,1.0,0,1
1,1,0,1,0,0.31496148716692524,0.8421052631578947,0.4393491124260355,360.0,1.0,1,1
1,1,0,1,0,0.15786178928172886,0.0,0.28846153846153844,180.0,1.0,0,1
1,1,0,1,0,0.034593505892599546,0.3606934001670844,0.17455621301775148,180.0,0.0,1,0
1,1,0,1,0,0.2918537873220653,0.0,0.3772189349112426,360.0,1.0,2,1
1,1,0,1,0,0.31898968454859694,0.0,0.4349112426035503,180.0,0.0,2,0
0,0,3,1,0,0.03189896845485969,0.0,0.10355029585798817,360.0,0.0,2,0
1,1,0,1,1,0.19626575215699082,0.0,0.30177514792899407,180.0,0.0,1,1
1,1,3,0,1,0.04934541792547835,0.28174603174603174,0.20118343195266272,360.0,1.0,0,1
1,0,0,1,0,0.23820799651615363,0.0,0.3594674556213018,360.0,0.0,2,0
1,0,0,1,1,0.8656541738112735,0.3335421888053467,1.0,360.0,1.0,1,0
0,0,0,1,0,0.004191502680928663,0.0,0.07396449704142012,360.0,1.0,1,1
1,1,0,0,0,0.3343131651288751,0.0,0.40236686390532544,360.0,1.0,1,1
1,1,0,1,1,0.1429465719495931,0.3034670008354219,0.2529585798816568,360.0,1.0,2,1
0,1,1,1,0,0.5326746686263303,0.9306599832915622,0.7633136094674556,360.0,1.0,2,0
0,0,0,1,0,0.09164149043303121,0.0,0.13609467455621302,360.0,1.0,2,1
0,0,1,1,0,0.27601317329414005,0.5889724310776943,0.39349112426035504,360.0,1.0,2,0
1,1,1,1,0,0.00917231430826597,0.33187134502923976,0.11982248520710059,360.0,1.0,2,0
1,0,0,1,0,0.05974252197817152,0.3030492898913952,0.1390532544378698,360.0,1.0,2,1
1,1,0,0,1,0.009907188154922295,0.3078529657477026,0.09171597633136094,360.0,1.0,1,0
0,1,2,1,0,0.5439155167251843,0.0,0.6612426035502958,180.0,0.0,2,0
0,1,0,1,0,0.2492855393157508,0.0,0.3136094674556213,360.0,1.0,0,1
1,1,0,0,0,0.2810484200212297,0.3147451963241437,0.3816568047337278,360.0,1.0,2,1
1,1,0,1,0,0.40831768324215456,0.0,0.5473372781065089,360.0,1.0,1,1
1,1,0,1,0,0.01279224844179527,0.8673767752715121,0.11834319526627218,360.0,1.0,1,1
0,0,1,1,0,0.07130998067553959,0.0,0.11242603550295859,360.0,1.0,2,1
1,1,0,1,0,0.010533191802073977,0.0,0.07544378698224852,360.0,1.0,0,1
1,1,0,1,0,0.03451185324297107,0.6098579782790309,0.1849112426035503,360.0,1.0,2,1
1,0,0,0,0,0.037995699627119565,0.0,0.11834319526627218,360.0,1.0,0,1
1,0,0,1,0,0.09278462752782994,0.2573099415204678,0.1878698224852071,360.0,1.0,0,1
0,0,0,1,0,0.04567104869219673,0.27610693400167086,0.15236686390532544,360.0,1.0,1,0
0,0,0,1,0,0.015350698130154324,0.8080618212197159,0.21597633136094674,180.0,0.0,1,0
0,0,1,0,0,0.026645981328760785,0.46345029239766083,0.15828402366863906,360.0,1.0,1,1
1,1,0,0,0,0.023134917394736127,0.2506265664160401,0.13609467455621302,360.0,1.0,1,1
1,1,0,0,0,0.5309871805340083,0.36528822055137844,0.6730769230769231,360.0,1.0,1,1
1,1,0,1,0,0.20903078304890993,0.9502923976608187,0.4068047337278107,360.0,1.0,2,0
1,1,2,1,0,0.5045045045045045,0.0,0.5976331360946746,360.0,1.0,2,1
0,1,1,1,0,0.08486432051386734,0.0,0.20857988165680474,360.0,1.0,1,1
0,0,0,1,0,0.04765792983315642,0.0,0.1390532544378698,180.0,1.0,1,0
1,1,1,1,0,0.2350235431806429,0.0,0.32840236686390534,360.0,1.0,0,0
1,1,0,1,1,0.05775564083721183,0.3412698412698413,0.16863905325443787,360.0,1.0,2,1
1,1,0,1,0,0.05201273781334204,0.3669590643274854,0.16124260355029585,360.0,1.0,0,1
1,0,0,1,0,0.03859448572439509,0.30451127819548873,0.1819526627218935,360.0,1.0,2,1
0,1,2,1,0,0.02014098690835851,0.0,0.07248520710059171,360.0,1.0,1,1
0,0,0,1,0,0.04327590430309464,0.5246449456975772,0.14349112426035504,360.0,1.0,2,1
1,1,0,1,0,0.06423341770773795,0.0,0.21597633136094674,360.0,0.0,1,0
1,1,0,1,0,0.16444843635175962,0.29741019214703424,0.26479289940828404,360.0,1.0,2,1
1,1,0,1,1,0.00919953185814213,0.3283208020050125,0.14201183431952663,360.0,1.0,1,1
0,0,2,1,0,0.034457418143218746,0.0,0.17011834319526628,360.0,1.0,0,1
1,1,1,1,0,0.24305272039411013,0.0,0.3343195266272189,360.0,1.0,1,0
1,0,2,1,0,0.023080482294983804,0.0,0.12721893491124261,360.0,1.0,1,1
1,1,0,1,0,0.061375574970741135,0.62531328320802,0.15976331360946747,360.0,1.0,0,0
1,1,0,0,0,0.29365014561389186,0.746031746031746,0.47633136094674555,360.0,1.0,1,0
1,0,0,1,1,0.024441359788791812,0.2573099415204678,0.13313609467455623,360.0,1.0,1,1
1,0,0,1,0,0.012411202743529028,0.0,0.10946745562130178,360.0,1.0,2,1
1,0,0,1,0,0.0971122179581394,0.0,0.16863905325443787,360.0,1.0,0,1
1,0,2,1,0,0.05263874146049373,0.4993734335839599,0.1257396449704142,360.0,1.0,1,1
1,0,0,1,0,0.12152636019705507,0.5852130325814536,0.27071005917159763,360.0,1.0,2,1
1,0,0,1,0,0.23907895811219074,0.0,0.28106508875739644,360.0,1.0,2,1
0,0,0,0,0,0.021392994202661875,0.0,0.09615384615384616,360.0,0.0,0,0
1,0,0,1,0,0.12745978607005798,0.558688387635756,0.28846153846153844,360.0,1.0,2,1
1,0,0,0,0,0.10320894913039928,0.0,0.1997041420118343,360.0,0.0,0,0
0,1,3,1,0,0.02259056639721292,0.0,0.16420118343195267,180.0,0.0,2,1
1,0,2,1,0,0.1434909229471163,0.0,0.2692307692307692,360.0,1.0,0,1
1,1,3,0,0,0.04670531558749082,0.25167084377610693,0.13165680473372782,360.0,1.0,1,0
1,0,0,1,0,0.09806483220380502,0.5802005012531328,0.23076923076923078,180.0,1.0,1,1
1,0,0,1,0,0.012329550093900547,0.8222639933166249,0.15236686390532544,360.0,1.0,0,1
1,1,0,1,0,0.09017174273971858,0.3744778613199666,0.15976331360946747,360.0,1.0,1,1
1,0,0,1,0,0.05350970305653085,0.3109857978279031,0.1346153846153846,360.0,1.0,1,1
1,1,2,1,0,0.25369478239568877,0.0,0.34171597633136097,360.0,1.0,2,1
1,1,0,1,0,0.008328570262105005,0.34502923976608185,0.05621301775147929,180.0,1.0,2,1
1,0,0,1,0,0.07942081053863531,0.0,0.17011834319526628,360.0,1.0,2,1
1,1,0,1,0,0.08984513214120465,0.3180868838763576,0.1952662721893491,360.0,1.0,1,0
1,0,0,1,0,0.1894613646879508,0.0,0.23816568047337278,360.0,1.0,2,0
1,0,1,1,0,0.12522794698021283,0.0,0.23076923076923078,360.0,1.0,2,1
1,1,0,1,0,0.16142728831550585,0.0,0.27958579881656803,360.0,1.0,1,1
0,1,0,1,0,0.22029884869764024,0.0,0.32840236686390534,360.0,1.0,1,1
1,1,0,1,0,0.2910100432759043,0.0,0.3890532544378698,360.0,1.0,0,1
1,1,0,1,0,0.05508832094934814,0.0,0.21597633136094674,360.0,1.0,2,1
0,0,2,0,0,0.11322500748482621,0.8030492898913951,0.28254437869822485,360.0,1.0,2,1
1,1,2,1,0,0.2691543507253477,0.0,0.38461538461538464,360.0,1.0,0,1
1,1,3,1,0,0.6687079829073787,0.3531746031746032,0.8091715976331361,360.0,1.0,2,1
0,1,2,1,0,0.32348058027816334,0.4880952380952381,0.47633136094674555,360.0,1.0,0,1
0,1,0,1,1,0.06796222204077189,0.9448621553884712,0.2588757396449704,360.0,1.0,0,1
1,0,1,1,0,0.03162679295609809,0.2506265664160401,0.11686390532544379,300.0,1.0,0,1
0,1,0,0,1,0.09850031300182358,0.4818295739348371,0.28550295857988167,360.0,1.0,2,1
1,0,0,1,0,0.19863367899621676,0.0,0.28254437869822485,360.0,1.0,0,0
1,1,2,0,0,0.09942570969761302,0.0,0.1908284023668639,360.0,0.0,0,1
1,0,0,0,0,0.09673117225987317,0.0,0.16715976331360946,480.0,1.0,1,1
1,1,3,0,0,0.2674396450831496,0.27401837928153716,0.3994082840236686,360.0,1.0,1,1
1,1,0,0,0,0.06562151275142211,0.3201754385964912,0.21597633136094674,360.0,1.0,2,1
1,0,1,1,0,0.2884788111374214,0.0,0.3801775147928994,360.0,1.0,2,1
1,1,1,1,0,0.07648131515201001,0.0,0.13313609467455623,480.0,1.0,1,1
1,0,2,1,0,0.058191121635230394,0.297827903091061,0.17011834319526628,360.0,1.0,1,1
1,0,1,1,1,0.0886475599466536,0.0,0.20857988165680474,360.0,1.0,1,1
1,1,1,1,0,0.2109632290901173,0.36403508771929827,0.35650887573964496,480.0,1.0,1,1
1,1,0,1,0,0.019514983261206827,0.3122389306599833,0.05621301775147929,360.0,1.0,1,1
1,0,0,1,0,0.031844533355107375,0.48663324979114453,0.21153846153846154,360.0,1.0,1,1
1,1,0,1,0,0.4443265017283144,0.4398496240601504,0.6050295857988166,360.0,1.0,0,1
1,1,1,1,0,0.028088511472197274,0.616750208855472,0.13313609467455623,180.0,1.0,2,1
1,1,0,1,0,0.12296889034049155,0.2581453634085213,0.23964497041420119,360.0,1.0,1,1
1,1,1,1,0,0.12696987017228709,0.4797410192147034,0.2588757396449704,360.0,1.0,2,1
0,1,0,0,0,0.09858196565145205,0.2878028404344194,0.1908284023668639,360.0,1.0,1,1
1,0,0,1,0,0.1518194932092213,0.0,0.2529585798816568,360.0,1.0,0,1
1,0,1,1,0,0.038104569826624204,0.0,0.10650887573964497,360.0,1.0,0,1
1,0,0,1,0,0.11793364361340192,0.0,0.19822485207100593,360.0,1.0,2,1
1,0,0,1,0,0.06812552734002886,0.0,0.13609467455621302,360.0,1.0,0,0
1,1,0,1,0,0.15900492637652758,0.32999164578111945,0.23668639053254437,360.0,1.0,2,1
